{
    "Difference (Head)": 403.60349999999994,
    "Difference (Wrist)": 409.19719999999984,
    "Difference (Seat)": 333.19719999999984,
    "Average Difference": 381.9992999999999,
    "Head Sensor in Frames": 1831.3965,
    "Wrist Sensor in Frames": 1701.8028000000002,
    "Seat Sensor in Frames": 1701.8028000000002,
    "Head Sensor Video (Timestamp) in Frames": 2235,
    "Wrist Sensor Video (Timestamp) in Frames": 2111,
    "Seat Sensor Video (Timestamp) in Frames": 2035,
    "Start Riding Video": 2585,
    "Messages": []
}