{
    "Difference (Head)": 245.36950000000002,
    "Difference (Wrist)": 251.21529999999996,
    "Difference (Seat)": 234.14659999999998,
    "Average Difference": 243.5771333333333,
    "Head Sensor in Frames": 589.6305,
    "Wrist Sensor in Frames": 433.78470000000004,
    "Seat Sensor in Frames": 250.85340000000002,
    "Head Sensor Video (Timestamp) in Frames": 835,
    "Wrist Sensor Video (Timestamp) in Frames": 685,
    "Seat Sensor Video (Timestamp) in Frames": 485,
    "Start Riding Video": 1185,
    "Messages": []
}